City,Country,Lat,Lng,Max Temp,Humidity,Cloudiness,Wind Speed,Current Description,Date
Fairbanks,US,64.8378,-147.7164,63.09,59,0,6.91,clear sky,2023-06-10 17:10:25
Bambous Virieux,MU,-20.3428,57.7575,75.45,73,20,9.22,few clouds,2023-06-10 17:12:51
Faya,SA,18.3851,42.4509,70.32,59,90,0.85,overcast clouds,2023-06-10 17:12:24
Castro,BR,-24.7911,-50.0119,72.52,49,0,9.48,clear sky,2023-06-10 17:12:52
East London,ZA,-33.0153,27.9116,54.54,82,0,5.75,clear sky,2023-06-10 17:12:52
Albany,US,42.6001,-73.9662,72.18,57,28,7.4,scattered clouds,2023-06-10 17:12:50
Mandiana,GN,10.6333,-8.6833,91.13,43,43,3.13,light rain,2023-06-10 17:12:52
Constitucion,CL,-35.3333,-72.4167,55.49,51,1,15.26,clear sky,2023-06-10 17:12:52
Orbetello,IT,42.4408,11.2196,73.35,72,5,6.44,clear sky,2023-06-10 17:11:31
Flinders,AU,-34.5833,150.8552,50.05,79,0,1.99,clear sky,2023-06-10 17:12:52
Bethel,US,41.3712,-73.414,75.22,55,20,5.75,few clouds,2023-06-10 17:12:52
Talnakh,RU,69.4865,88.3972,38.21,63,3,5.61,clear sky,2023-06-10 17:12:53
Atuona,PF,-9.8,-139.0333,80.11,78,11,9.86,few clouds,2023-06-10 17:12:53
Avera,US,33.194,-82.5271,86.09,33,9,3.13,clear sky,2023-06-10 17:12:53
Mataura,NZ,-46.1927,168.8643,35.1,87,48,3.58,scattered clouds,2023-06-10 17:12:53
Tripoli,LY,32.8752,13.1875,77.95,59,93,28.32,overcast clouds,2023-06-10 17:12:53
Aromashevo,RU,56.8602,68.6375,53.28,72,9,7.18,clear sky,2023-06-10 17:12:53
Koppa,IN,13.5304,75.3633,71.71,87,98,4.74,overcast clouds,2023-06-10 17:12:53
Kavieng,PG,-2.5744,150.7967,81.21,78,84,7.09,broken clouds,2023-06-10 17:12:53
Saskylakh,RU,71.9167,114.0833,40.82,57,98,12.21,overcast clouds,2023-06-10 17:12:53
Punta Arenas,CL,-53.15,-70.9167,39.31,75,75,35.68,broken clouds,2023-06-10 17:12:14
Port Elizabeth,ZA,-33.918,25.5701,58.1,92,1,7.85,clear sky,2023-06-10 17:12:54
Kozhva,RU,65.1073,57.0459,37.99,96,100,6.35,light rain,2023-06-10 17:12:54
Kasungu,MW,-13.0333,33.4833,67.23,62,46,5.5,scattered clouds,2023-06-10 17:12:54
Bordighera,IT,43.7806,7.6645,76.33,93,79,13.0,broken clouds,2023-06-10 17:12:54
Nikolskoye,RU,59.7035,30.7861,57.09,42,1,4.38,clear sky,2023-06-10 17:12:54
Ereymentau,KZ,51.6199,73.1033,56.44,77,63,3.62,broken clouds,2023-06-10 17:12:54
Yellowknife,CA,62.456,-114.3525,54.12,76,100,11.5,smoke,2023-06-10 17:09:36
Am Timan,TD,11.0297,20.2827,85.95,55,64,2.91,broken clouds,2023-06-10 17:12:54
Ushuaia,AR,-54.8,-68.3,40.62,90,57,7.18,broken clouds,2023-06-10 17:09:37
Lodja,CD,-3.4833,23.4333,77.74,66,94,1.57,overcast clouds,2023-06-10 17:12:54
Rikitea,PF,-23.1203,-134.9692,71.08,57,63,11.12,broken clouds,2023-06-10 17:12:54
Dikson,RU,73.5069,80.5464,35.71,89,100,7.56,light rain,2023-06-10 17:08:38
Kodiak,US,57.79,-152.4072,45.91,87,100,9.22,light rain,2023-06-10 17:12:55
Naze,JP,28.3667,129.4833,76.12,88,100,5.57,overcast clouds,2023-06-10 17:12:55
Yibin,CN,28.7667,104.6238,69.13,67,100,5.08,overcast clouds,2023-06-10 17:12:55
Miles City,US,46.4083,-105.8406,67.17,68,20,11.5,few clouds,2023-06-10 17:12:55
Zhangjiakou,CN,40.81,114.8794,60.42,45,24,4.21,few clouds,2023-06-10 17:12:55
Vanimo,PG,-2.6741,141.3028,78.37,91,97,4.61,overcast clouds,2023-06-10 17:12:55
Mahebourg,MU,-20.4081,57.7,75.49,73,20,9.22,few clouds,2023-06-10 17:12:55
Tamworth,GB,52.634,-1.6959,82.72,78,72,8.16,broken clouds,2023-06-10 17:12:56
Vacaria,BR,-28.5122,-50.9339,74.68,48,6,13.09,clear sky,2023-06-10 17:12:56
Thinadhoo,MV,0.5333,72.9333,83.84,70,38,4.16,scattered clouds,2023-06-10 17:12:56
Qaanaaq,GL,77.484,-69.3632,28.24,63,78,2.08,broken clouds,2023-06-10 17:12:56
Mar Del Plata,AR,-38.0023,-57.5575,58.08,50,20,19.57,few clouds,2023-06-10 17:12:56
Serebryansk,KZ,49.6925,83.2892,56.62,96,91,8.21,overcast clouds,2023-06-10 17:12:56
Iskateley,RU,67.6803,53.1512,39.94,69,100,19.3,overcast clouds,2023-06-10 17:12:56
Busselton,AU,-33.65,115.3333,56.57,71,86,16.58,overcast clouds,2023-06-10 17:12:56
Tchibanga,GA,-2.85,11.0333,75.65,87,96,4.16,overcast clouds,2023-06-10 17:12:56
Hobart,AU,-42.8794,147.3294,54.27,77,40,12.66,scattered clouds,2023-06-10 17:12:56
Bandarbeyla,SO,9.4942,50.8122,80.06,80,39,30.18,scattered clouds,2023-06-10 17:12:57
Bluff,NZ,-46.6,168.3333,44.19,79,91,8.75,light rain,2023-06-10 17:10:13
Saint-Philippe,RE,-21.3585,55.7679,74.79,83,59,12.68,light rain,2023-06-10 17:12:57
Ilulissat,GL,69.2167,-51.1,42.82,87,75,8.05,moderate rain,2023-06-10 17:12:57
Tuktoyaktuk,CA,69.4541,-133.0374,32.0,93,100,16.11,overcast clouds,2023-06-10 17:12:57
San Vicente,AR,-26.6167,-54.1333,76.15,50,61,5.99,broken clouds,2023-06-10 17:12:57
Carnarvon,AU,-24.8667,113.6333,67.44,69,0,9.86,clear sky,2023-06-10 17:12:57
Coquimbo,CL,-29.9533,-71.3436,60.53,77,20,5.75,few clouds,2023-06-10 17:12:57
Thompson,CA,55.7435,-97.8558,71.19,22,36,4.65,scattered clouds,2023-06-10 17:08:22
Alice Springs,AU,-23.7,133.8833,58.21,24,40,5.75,scattered clouds,2023-06-10 17:12:57
Yumen,CN,40.2833,97.2,76.12,16,59,3.6,broken clouds,2023-06-10 17:12:57
Ponta Do Sol,PT,32.6667,-17.1,76.71,81,4,7.05,clear sky,2023-06-10 17:12:58
Fortuna,US,40.5982,-124.1573,57.92,90,100,0.0,overcast clouds,2023-06-10 17:12:58
Atambua,ID,-9.1061,124.8925,70.52,86,17,6.02,few clouds,2023-06-10 17:12:58
New Norfolk,AU,-42.7826,147.0587,53.92,86,74,4.0,broken clouds,2023-06-10 17:12:58
Victor Harbor,AU,-35.5667,138.6167,50.68,80,20,7.38,few clouds,2023-06-10 17:12:58
Magadan,RU,59.5667,150.8,42.48,92,61,4.43,broken clouds,2023-06-10 17:12:58
Severo-Kurilsk,RU,50.6789,156.125,44.51,69,79,10.51,broken clouds,2023-06-10 17:12:58
Miracema Do Tocantins,BR,-9.5618,-48.3967,93.88,35,44,5.68,scattered clouds,2023-06-10 17:12:58
Barrow,US,71.2906,-156.7887,26.62,86,75,19.57,broken clouds,2023-06-10 17:12:58
Gazli,UZ,40.1333,63.45,87.51,10,76,13.82,broken clouds,2023-06-10 17:12:58
Bredasdorp,ZA,-34.5322,20.0403,55.35,79,40,2.1,scattered clouds,2023-06-10 17:12:59
Bhubaneswar,IN,20.2333,85.8333,84.42,74,75,4.61,haze,2023-06-10 17:12:59
Rocha,UY,-34.4833,-54.3333,61.34,36,71,11.7,broken clouds,2023-06-10 17:08:23
Saldanha,ZA,-33.0117,17.9442,53.65,79,16,4.61,few clouds,2023-06-10 17:12:59
Namatanai,PG,-3.6667,152.4333,78.53,84,82,3.98,light rain,2023-06-10 17:12:59
Kitgum,UG,3.2783,32.8867,68.7,92,96,1.95,moderate rain,2023-06-10 17:12:59
Kapaa,US,22.0752,-159.319,76.19,89,0,9.22,light rain,2023-06-10 17:12:59
Lompoc,US,34.6391,-120.4579,62.62,84,100,8.05,overcast clouds,2023-06-10 17:12:59
Kieta,PG,-6.2167,155.6333,78.33,84,40,3.02,scattered clouds,2023-06-10 17:12:59
Broome,US,42.2506,-75.833,72.7,71,20,4.61,few clouds,2023-06-10 17:12:59
Georgetown,MY,5.4112,100.3354,84.13,79,20,0.0,few clouds,2023-06-10 17:10:19
Chuy,UY,-33.6971,-53.4616,58.64,62,74,7.96,broken clouds,2023-06-10 17:13:00
Mango,US,27.9797,-82.3065,91.72,61,40,4.61,scattered clouds,2023-06-10 17:13:00
Sao Filipe,CV,14.8961,-24.4956,78.82,74,3,8.79,clear sky,2023-06-10 17:13:00
Port Blair,IN,11.6667,92.75,81.77,85,100,18.12,light rain,2023-06-10 17:11:52
Lebu,CL,-37.6167,-73.65,51.3,62,62,12.64,broken clouds,2023-06-10 17:13:00
Katsuura,JP,35.1333,140.3,70.11,96,100,3.36,light rain,2023-06-10 17:13:00
Trapani,IT,37.8333,12.6667,75.27,83,20,10.36,few clouds,2023-06-10 17:13:00
Tasiilaq,GL,65.6145,-37.6368,42.96,82,100,8.77,overcast clouds,2023-06-10 17:13:00
Norman Wells,CA,65.282,-126.8329,55.44,76,75,19.57,broken clouds,2023-06-10 17:13:01
Provideniya,RU,64.3833,-173.3,39.92,91,99,4.83,overcast clouds,2023-06-10 17:13:01
Khatanga,RU,71.9667,102.5,39.38,61,100,10.67,overcast clouds,2023-06-10 17:13:01
Pevek,RU,69.7008,170.3133,31.6,83,25,3.96,scattered clouds,2023-06-10 17:13:01
Coihaique,CL,-45.5752,-72.0662,40.95,60,20,3.44,few clouds,2023-06-10 17:13:01
Kenai,US,60.5544,-151.2583,51.15,86,100,3.44,overcast clouds,2023-06-10 17:13:01
Touros,BR,-5.1989,-35.4608,84.52,64,27,15.32,scattered clouds,2023-06-10 17:10:55
Bokhan,RU,53.153,103.7714,63.7,76,61,2.48,broken clouds,2023-06-10 17:13:01
Berbera,SO,10.4396,45.0143,92.79,55,84,3.13,broken clouds,2023-06-10 17:13:01
San Cristobal,VE,7.7669,-72.225,87.98,52,29,7.83,scattered clouds,2023-06-10 17:13:01
Ust-Omchug,RU,61.15,149.6333,47.84,82,17,4.16,few clouds,2023-06-10 17:13:02
Arlit,NE,18.7369,7.3853,95.2,26,41,24.02,scattered clouds,2023-06-10 17:13:02
Pacific Grove,US,36.6177,-121.9166,58.42,83,100,11.01,overcast clouds,2023-06-10 17:13:02
Narsaq,GL,60.9167,-46.05,62.82,51,98,3.98,overcast clouds,2023-06-10 17:13:02
Labuhan,ID,-6.8844,112.2051,77.77,83,38,6.67,scattered clouds,2023-06-10 17:13:02
Sioux Lookout,CA,50.1001,-91.917,57.27,54,75,8.05,broken clouds,2023-06-10 17:13:02
Grand Gaube,MU,-20.0064,57.6608,75.6,74,2,1.01,clear sky,2023-06-10 17:13:02
Chernyshevskiy,RU,63.0128,112.4714,60.96,91,76,11.61,broken clouds,2023-06-10 17:13:02
Nabire,ID,-3.3667,135.4833,76.37,90,95,2.46,overcast clouds,2023-06-10 17:13:02
Kirakira,SB,-10.4544,161.9205,78.35,88,70,6.02,broken clouds,2023-06-10 17:13:03
Presidencia Roque Saenz Pena,AR,-26.7852,-60.4388,85.5,48,15,6.4,few clouds,2023-06-10 17:13:03
Pisco,PE,-13.7,-76.2167,71.65,68,100,6.91,overcast clouds,2023-06-10 17:13:03
Hilo,US,19.7297,-155.09,72.63,84,75,6.91,broken clouds,2023-06-10 17:13:03
Hounde,BF,11.5,-3.5167,99.12,27,97,3.58,overcast clouds,2023-06-10 17:08:35
Kungurtug,RU,50.5994,97.5228,59.0,58,17,2.37,few clouds,2023-06-10 17:13:03
Tual,ID,-5.6667,132.75,81.63,81,99,21.9,overcast clouds,2023-06-10 17:13:03
Kazachinskoye,RU,57.6953,93.2761,57.0,61,100,7.72,overcast clouds,2023-06-10 17:12:48
Cabo San Lucas,MX,22.8909,-109.9124,93.51,25,0,6.91,clear sky,2023-06-10 17:08:26
Vaini,TO,-21.2,-175.2,62.76,100,75,2.3,broken clouds,2023-06-10 17:13:04
Port Alfred,ZA,-33.5906,26.891,60.08,68,1,7.2,clear sky,2023-06-10 17:13:04
Kuusamo,FI,65.9667,29.1833,59.04,31,0,8.05,clear sky,2023-06-10 17:13:04
Hithadhoo,MV,-0.6,73.0833,83.59,74,38,8.12,scattered clouds,2023-06-10 17:13:04
Butaritari,KI,3.0707,172.7902,82.44,76,97,10.11,light rain,2023-06-10 17:13:04
Areosa,PT,41.7178,-8.8571,67.08,77,14,5.06,few clouds,2023-06-10 17:13:04
Kesinga,IN,20.2,83.2333,94.15,25,80,5.17,broken clouds,2023-06-10 17:13:05
Namibe,AO,-15.1961,12.1522,66.38,80,46,7.16,scattered clouds,2023-06-10 17:13:05
Nara,JP,34.6851,135.8049,70.92,81,100,3.09,light rain,2023-06-10 17:09:39
Bilma,NE,18.6853,12.9164,105.04,16,19,1.97,few clouds,2023-06-10 17:13:05
Lorengau,PG,-2.0226,147.2712,81.52,78,63,4.79,broken clouds,2023-06-10 17:13:05
Dubbo,AU,-32.25,148.6167,37.53,93,0,9.22,clear sky,2023-06-10 17:13:05
Puerto Ayora,EC,-0.7393,-90.3518,84.16,93,98,11.01,light rain,2023-06-10 17:13:05
Rafsanjan,IR,30.4067,55.9939,87.35,18,18,9.24,few clouds,2023-06-10 17:13:05
Aklavik,CA,68.2191,-135.0107,35.6,93,100,9.22,light rain,2023-06-10 17:13:05
Bengkulu,ID,-3.8004,102.2655,75.78,93,57,3.4,broken clouds,2023-06-10 17:13:06
Reggio Di Calabria,IT,38.1105,15.6613,75.54,74,57,13.8,broken clouds,2023-06-10 17:13:06
Faanui,PF,-16.4833,-151.75,80.1,63,100,15.01,overcast clouds,2023-06-10 17:13:06
Shingu,JP,33.7333,135.9833,65.66,97,100,5.66,light rain,2023-06-10 17:13:06
Hare Bay,CA,48.8499,-54.0148,45.75,98,100,11.21,moderate rain,2023-06-10 17:13:06
Vila Franca Do Campo,PT,37.7167,-25.4333,66.61,66,5,12.75,clear sky,2023-06-10 17:13:06
Nanortalik,GL,60.1432,-45.2371,42.04,72,77,10.45,broken clouds,2023-06-10 17:13:06
Zhicheng,CN,30.2956,111.5047,80.89,58,100,3.22,overcast clouds,2023-06-10 17:13:07
Manaure,CO,11.7751,-72.4445,90.91,55,18,16.55,few clouds,2023-06-10 17:13:07
Takoradi,GH,4.8845,-1.7554,78.96,80,94,13.91,overcast clouds,2023-06-10 17:13:07
Chalus,IR,36.655,51.4204,72.86,83,20,2.3,few clouds,2023-06-10 17:13:07
Kitzingen,DE,49.7333,10.1667,82.02,71,94,8.88,light rain,2023-06-10 17:13:07
Tecolutla,MX,20.4833,-97.0167,91.26,67,44,12.82,scattered clouds,2023-06-10 17:13:07
Chokurdakh,RU,70.6333,147.9167,63.01,47,100,10.6,overcast clouds,2023-06-10 17:13:07
Mount Gambier,AU,-37.8333,140.7667,47.8,97,58,5.99,broken clouds,2023-06-10 17:13:07
Upernavik,GL,72.7868,-56.1549,31.01,97,100,2.44,snow,2023-06-10 17:13:07
Hami,CN,42.8,93.45,88.83,11,0,7.99,clear sky,2023-06-10 17:09:59
Hermanus,ZA,-34.4187,19.2345,50.81,77,49,2.46,scattered clouds,2023-06-10 17:13:08
Port Augusta,AU,-32.5,137.7667,50.13,68,0,3.85,clear sky,2023-06-10 17:13:08
Qui Nhon,VN,13.7667,109.2333,84.09,70,100,7.87,overcast clouds,2023-06-10 17:13:08
Manacapuru,BR,-3.2997,-60.6206,89.35,56,100,4.14,overcast clouds,2023-06-10 17:09:23
Cabedelo,BR,-6.9811,-34.8339,84.87,71,19,13.85,few clouds,2023-06-10 17:13:08
Ostrovnoy,RU,68.0531,39.5131,40.96,79,100,12.33,overcast clouds,2023-06-10 17:13:08
Jamestown,US,42.097,-79.2353,75.02,41,20,14.97,few clouds,2023-06-10 17:13:08
Kahului,US,20.8947,-156.47,78.82,69,20,18.41,few clouds,2023-06-10 17:13:09
Puerto Escondido,MX,15.85,-97.0667,90.43,62,75,9.22,broken clouds,2023-06-10 17:11:51
Kokopo,PG,-4.352,152.2633,76.78,89,100,5.26,light rain,2023-06-10 17:13:09
Broken Hill,AU,-31.95,141.4333,49.73,66,0,7.61,clear sky,2023-06-10 17:13:09
Chapais,CA,49.7834,-74.8492,67.78,76,100,5.68,light rain,2023-06-10 17:12:16
Rafai,CF,4.95,23.9167,77.31,68,100,1.5,overcast clouds,2023-06-10 17:11:18
Rudnichnyy,RU,59.617,52.4703,41.11,67,52,7.7,broken clouds,2023-06-10 17:13:09
Cape Town,ZA,-33.9258,18.4232,59.11,76,27,4.0,scattered clouds,2023-06-10 17:08:51
Hualmay,PE,-11.0964,-77.6139,73.54,70,68,10.2,broken clouds,2023-06-10 17:13:09
Cherskiy,RU,68.75,161.3,54.52,40,21,2.13,few clouds,2023-06-10 17:13:10
Isangel,VU,-19.55,169.2667,68.59,68,3,10.49,clear sky,2023-06-10 17:13:10
Hofn,IS,64.2539,-15.2082,51.04,57,36,8.68,scattered clouds,2023-06-10 17:13:10
Miri,MY,4.4148,114.0089,80.04,79,88,2.17,overcast clouds,2023-06-10 17:13:10
La Primavera,CO,5.4906,-70.4092,88.54,56,8,3.87,clear sky,2023-06-10 17:13:10
Olonets,RU,60.9847,32.9698,50.07,61,29,6.93,scattered clouds,2023-06-10 17:13:10
Sola,VU,-13.8833,167.55,77.77,75,100,24.11,overcast clouds,2023-06-10 17:13:10
Victoria,HK,22.2855,114.1577,86.2,89,100,1.01,moderate rain,2023-06-10 17:13:11
Kansk,RU,56.2017,95.7175,58.64,90,100,6.06,overcast clouds,2023-06-10 17:13:11
Ribeira Grande,PT,38.5167,-28.7,70.2,64,20,13.8,few clouds,2023-06-10 17:13:11
San Luis,AR,-33.295,-66.3356,53.83,27,14,23.62,few clouds,2023-06-10 17:13:11
Green River,US,41.5286,-109.4662,68.18,38,13,2.68,few clouds,2023-06-10 17:13:11
Vysokogornyy,RU,50.1167,139.15,46.53,96,5,2.8,clear sky,2023-06-10 17:13:11
Belen,TR,36.4891,36.2233,71.74,61,0,19.57,clear sky,2023-06-10 17:11:50
Zhigansk,RU,66.7697,123.3711,54.54,81,100,3.47,overcast clouds,2023-06-10 17:13:11
Totness,SR,5.8833,-56.3167,85.33,66,44,6.64,scattered clouds,2023-06-10 17:13:12
Turan,VN,16.0678,108.2208,82.38,89,20,2.3,few clouds,2023-06-10 17:12:34
Asau,RO,46.4333,26.4,74.32,80,77,1.83,broken clouds,2023-06-10 17:13:12
Mastic Beach,US,40.7668,-72.8521,74.53,51,0,13.8,clear sky,2023-06-10 17:13:12
Salina,US,38.8403,-97.6114,80.02,63,20,8.05,few clouds,2023-06-10 17:11:14
Husavik,IS,66.0449,-17.3389,44.83,68,97,1.9,overcast clouds,2023-06-10 17:13:12
Nikki,BJ,9.9401,3.2108,85.59,56,88,8.66,light rain,2023-06-10 17:13:12
Otradnoye,RU,59.7775,30.8181,57.25,43,1,4.09,clear sky,2023-06-10 17:13:12
Kavaratti,IN,10.5669,72.642,85.46,78,95,20.69,overcast clouds,2023-06-10 17:13:12
Fort Nelson,CA,58.8053,-122.7002,67.59,40,100,5.75,overcast clouds,2023-06-10 17:11:44
Saint-Augustin,CA,51.226,-58.6502,51.51,85,100,2.73,overcast clouds,2023-06-10 17:13:13
Yasnogorsk,RU,54.4803,37.6975,51.91,65,97,14.32,overcast clouds,2023-06-10 17:13:13
Umba,RU,66.6871,34.3429,49.91,54,100,4.09,overcast clouds,2023-06-10 17:13:13
Swellendam,ZA,-34.0226,20.4417,57.65,66,57,3.06,broken clouds,2023-06-10 17:13:13
Nikolayevsk-Na-Amure,RU,53.1406,140.73,58.3,93,100,3.27,light rain,2023-06-10 17:13:13
Gorele,TR,41.0308,39.0031,65.12,92,97,2.08,overcast clouds,2023-06-10 17:13:13
Roma,US,43.2128,-75.4557,69.39,63,20,5.75,few clouds,2023-06-10 17:13:13
Vestmannaeyjar,IS,63.4427,-20.2734,47.39,66,0,20.71,clear sky,2023-06-10 17:13:13
Kisangani,CD,0.5167,25.2,75.15,81,89,2.55,overcast clouds,2023-06-10 17:13:13
Nemuro,JP,43.3236,145.575,49.21,96,99,1.59,overcast clouds,2023-06-10 17:13:14
Troy,US,42.6056,-83.1499,83.61,34,0,10.36,clear sky,2023-06-10 17:12:59
Ambovombe,MG,-25.1667,46.0833,67.66,87,0,4.09,clear sky,2023-06-10 17:13:14
Tecoanapa,MX,16.5167,-98.75,87.75,60,77,8.19,broken clouds,2023-06-10 17:13:14
Sitka,US,57.0531,-135.33,51.69,87,100,3.44,light rain,2023-06-10 17:13:14
Tiksi,RU,71.6872,128.8694,37.62,73,29,8.37,scattered clouds,2023-06-10 17:13:14
Solnechnyy,RU,50.7214,136.6319,55.06,87,4,4.65,clear sky,2023-06-10 17:13:14
Saint George,US,37.1041,-113.5841,82.42,27,0,5.75,clear sky,2023-06-10 17:09:42
Cascais,PT,38.6979,-9.4215,77.5,77,20,11.99,few clouds,2023-06-10 17:13:15
Corum,TR,40.5,34.75,63.39,72,41,2.73,scattered clouds,2023-06-10 17:13:15
Maceio,BR,-9.6658,-35.7353,83.64,65,40,11.5,scattered clouds,2023-06-10 17:13:15
Bereda,ES,43.2686,-7.5406,67.57,94,100,3.11,light rain,2023-06-10 17:13:15
Tuatapere,NZ,-46.1333,167.6833,45.55,87,99,5.68,light rain,2023-06-10 17:08:31
Gravdal,NO,68.1214,13.5031,49.42,63,74,6.06,broken clouds,2023-06-10 17:13:15
Cessnock,AU,-32.8333,151.35,49.08,87,0,2.28,clear sky,2023-06-10 17:13:15
Loreto,MX,22.2667,-101.9667,82.54,17,6,8.28,clear sky,2023-06-10 17:13:15
Baghdad,IQ,33.3406,44.4009,93.11,24,75,6.91,broken clouds,2023-06-10 17:09:46
Bukama,CD,-9.2,25.85,79.12,31,1,1.61,clear sky,2023-06-10 17:13:16
Vagur,FO,61.4732,-6.8119,49.48,93,76,11.63,broken clouds,2023-06-10 17:13:16
Arraial Do Cabo,BR,-22.9661,-42.0278,85.86,39,0,4.61,clear sky,2023-06-10 17:13:16
North Bend,US,43.4065,-124.2243,66.92,72,75,10.36,broken clouds,2023-06-10 17:13:16
Porto Walter,BR,-8.2686,-72.7439,82.02,84,56,3.96,broken clouds,2023-06-10 17:13:16
Coos Bay,US,43.3665,-124.2179,66.99,72,75,10.36,broken clouds,2023-06-10 17:13:16
Alugan,PH,12.2188,125.4808,79.39,88,100,5.39,overcast clouds,2023-06-10 17:13:16
Awbari,LY,26.5921,12.7805,102.16,13,0,12.03,clear sky,2023-06-10 17:13:16
Vardo,NO,70.3705,31.1107,42.78,87,100,8.05,overcast clouds,2023-06-10 17:13:17
Rawson,AR,-43.3002,-65.1023,44.89,45,20,23.02,few clouds,2023-06-10 17:13:17
Maarianhamina,AX,60.0973,19.9348,58.86,55,0,8.05,clear sky,2023-06-10 17:13:17
Houma,US,29.5958,-90.7195,92.01,58,40,4.0,scattered clouds,2023-06-10 17:10:01
Aras,ES,42.5617,-2.356,77.41,36,0,2.3,clear sky,2023-06-10 17:13:17
Agadez,NE,19.75,10.25,104.4,15,1,7.92,clear sky,2023-06-10 17:13:17
Codrington,AU,-38.2667,141.9667,49.6,94,52,9.17,broken clouds,2023-06-10 17:13:17
Srednekolymsk,RU,67.45,153.6833,62.82,29,39,5.44,scattered clouds,2023-06-10 17:10:34
Sabha,LY,27.0377,14.4283,100.0,15,0,9.35,clear sky,2023-06-10 17:13:17
Praia,CV,14.9215,-23.5087,84.74,51,20,20.71,few clouds,2023-06-10 17:13:18
Tiruchchendur,IN,8.4833,78.1167,86.7,61,100,12.97,overcast clouds,2023-06-10 17:13:18
Bowen,AU,-20.0167,148.2333,66.0,89,8,11.12,clear sky,2023-06-10 17:13:18
San Patricio,US,28.017,-97.5169,93.87,45,0,10.38,clear sky,2023-06-10 17:13:18
Gilgit,PK,35.9221,74.3087,77.76,29,6,5.99,clear sky,2023-06-10 17:13:18
Beroroha,MG,-21.6667,45.1667,69.21,31,0,3.74,clear sky,2023-06-10 17:13:18
Farah,AF,32.5,62.5,83.7,21,0,3.87,clear sky,2023-06-10 17:13:18
Leningradskiy,RU,69.3833,178.4167,33.19,89,79,8.84,broken clouds,2023-06-10 17:13:18
Antofagasta,CL,-23.65,-70.4,65.48,68,20,7.92,few clouds,2023-06-10 17:13:19
Mehamn,NO,71.0357,27.8492,48.15,66,100,9.22,overcast clouds,2023-06-10 17:13:19
Langxiang,CN,46.95,128.8833,55.02,94,58,2.93,broken clouds,2023-06-10 17:13:19
Springbok,ZA,-29.6643,17.8865,54.82,42,0,4.41,clear sky,2023-06-10 17:13:19
Samarai,PG,-10.6167,150.6667,79.3,82,87,16.04,overcast clouds,2023-06-10 17:13:19
Salalah,OM,17.0151,54.0924,86.09,84,75,9.22,broken clouds,2023-06-10 17:12:02
Ponca City,US,36.707,-97.0856,73.42,79,0,0.0,clear sky,2023-06-10 17:13:19
Tigil,RU,57.8,158.6667,44.46,86,100,5.12,overcast clouds,2023-06-10 17:13:19
Viedma,AR,-40.8135,-62.9967,49.89,41,55,24.11,broken clouds,2023-06-10 17:13:20
Khash,IR,28.2211,61.2158,85.12,21,51,10.29,broken clouds,2023-06-10 17:13:20
Basco,PH,20.4487,121.9702,82.08,84,62,16.82,moderate rain,2023-06-10 17:13:20
Hobyo,SO,5.3505,48.5268,80.31,82,67,27.92,broken clouds,2023-06-10 17:13:20
Acapulco,MX,16.8634,-99.8901,87.62,66,0,6.91,clear sky,2023-06-10 17:08:25
Khani,GE,41.9563,42.9566,60.37,99,98,3.04,overcast clouds,2023-06-10 17:13:20
Bonavista,CA,48.6499,-53.1147,41.9,99,100,13.44,moderate rain,2023-06-10 17:13:20
Wodonga,AU,-36.1167,146.8833,49.1,100,87,2.75,overcast clouds,2023-06-10 17:13:20
Marsh Harbour,BS,26.5412,-77.0636,84.4,64,0,6.6,clear sky,2023-06-10 17:13:20
Oparino,RU,59.8518,48.2783,42.24,69,80,5.46,broken clouds,2023-06-10 17:13:21
Salinopolis,BR,-0.6136,-47.3561,83.79,72,56,12.08,broken clouds,2023-06-10 17:10:16
Morros,BR,-9.4467,-46.3003,91.65,32,9,7.78,clear sky,2023-06-10 17:13:21
Harper,LR,4.375,-7.7169,78.06,87,100,10.98,moderate rain,2023-06-10 17:13:21
Airai,TL,-8.9266,125.4092,56.35,84,21,3.98,few clouds,2023-06-10 17:13:21
Moose Factory,CA,51.2585,-80.6094,41.0,81,100,8.05,overcast clouds,2023-06-10 17:13:21
Arman,RU,59.7,150.1667,41.25,96,61,0.6,broken clouds,2023-06-10 17:13:21
Brainerd,US,46.358,-94.2008,69.58,72,100,13.8,haze,2023-06-10 17:13:21
Berlevag,NO,70.8578,29.0864,49.8,71,20,16.11,few clouds,2023-06-10 17:13:22
Nome,US,64.5011,-165.4064,49.15,87,75,0.0,broken clouds,2023-06-10 17:09:04
Vitoria Do Mearim,BR,-3.4622,-44.8706,89.11,54,10,3.56,clear sky,2023-06-10 17:13:22
Churapcha,RU,62.0025,132.4325,52.41,69,61,4.63,broken clouds,2023-06-10 17:13:22
Kudahuvadhoo,MV,2.6708,72.8944,82.92,78,61,5.1,broken clouds,2023-06-10 17:13:22
Lucapa,AO,-8.4192,20.7447,78.3,40,100,2.08,overcast clouds,2023-06-10 17:13:22
Half Moon Bay,US,37.4636,-122.4286,63.88,84,100,9.22,overcast clouds,2023-06-10 17:13:22
Klaksvik,FO,62.2266,-6.589,54.52,91,98,13.47,overcast clouds,2023-06-10 17:12:33
Zaigrayevo,RU,51.8336,108.2703,61.09,43,59,2.13,broken clouds,2023-06-10 17:13:22
Dingle,PH,10.9995,122.6711,78.37,89,100,6.64,overcast clouds,2023-06-10 17:13:22
Zanjan,IR,36.6736,48.4787,68.49,56,39,5.23,scattered clouds,2023-06-10 17:13:22
Novo Cruzeiro,BR,-17.4681,-41.8753,79.34,44,36,1.54,scattered clouds,2023-06-10 17:13:23
Payo,ID,-3.7508,103.6372,73.99,92,4,2.57,clear sky,2023-06-10 17:13:23
Avarua,CK,-21.2078,-159.775,71.65,100,20,2.3,few clouds,2023-06-10 17:13:23
Mount Pleasant,US,32.7941,-79.8626,86.18,42,0,5.75,clear sky,2023-06-10 17:10:19
Longyearbyen,SJ,78.2186,15.6401,40.84,81,75,3.44,light rain,2023-06-10 17:09:03
Chenzhou,CN,25.8,113.0333,76.8,78,92,3.11,overcast clouds,2023-06-10 17:13:23
Ranong,TH,9.9658,98.6348,78.96,88,100,9.08,overcast clouds,2023-06-10 17:13:23
Sinnamary,GF,5.3833,-52.95,85.06,69,22,10.04,few clouds,2023-06-10 17:13:23
Cayenne,GF,4.9333,-52.3333,84.24,70,75,6.91,broken clouds,2023-06-10 17:13:23
Geraldton,AU,-28.7667,114.6,59.41,94,100,6.91,light intensity shower rain,2023-06-10 17:13:23
Jinchang,CN,38.4953,102.1739,77.4,18,100,4.18,overcast clouds,2023-06-10 17:13:24
Stokmarknes,NO,68.5646,14.9108,55.38,62,0,8.05,clear sky,2023-06-10 17:13:24
Bairnsdale,AU,-37.8333,147.6167,43.05,83,34,4.9,scattered clouds,2023-06-10 17:13:24
College,US,64.8569,-147.8028,63.09,59,40,6.91,scattered clouds,2023-06-10 17:09:12
Sao Jose Da Coroa Grande,BR,-8.8978,-35.1478,81.07,67,51,8.97,broken clouds,2023-06-10 17:13:24
Yelets,RU,52.6237,38.5017,59.16,72,99,11.03,overcast clouds,2023-06-10 17:10:42
Tautira,PF,-17.7333,-149.15,77.29,69,98,14.61,overcast clouds,2023-06-10 17:13:24
Jucuaran,SV,13.2539,-88.2478,82.85,47,92,2.75,overcast clouds,2023-06-10 17:13:24
Coahuayana,MX,18.7333,-103.6833,89.89,55,93,6.71,overcast clouds,2023-06-10 17:13:25
Gornyy,RU,55.1153,83.9059,53.91,76,100,5.32,overcast clouds,2023-06-10 17:13:25
Kipushi,CD,-11.7667,27.2333,67.89,44,36,3.04,scattered clouds,2023-06-10 17:13:25
Kaitangata,NZ,-46.2817,169.8464,36.68,70,56,4.27,broken clouds,2023-06-10 17:13:25
Zenzeli,RU,45.9241,47.0474,75.94,46,100,15.61,overcast clouds,2023-06-10 17:13:25
Svetlogorsk,BY,52.6333,29.7333,56.62,87,100,13.56,overcast clouds,2023-06-10 17:13:25
Mahanoro,MG,-19.9,48.8,71.65,85,0,5.46,clear sky,2023-06-10 17:13:26
Taltal,CL,-25.4,-70.4833,64.78,73,31,6.73,scattered clouds,2023-06-10 17:13:26
Billings,US,45.7833,-108.5007,64.17,84,100,10.36,moderate rain,2023-06-10 17:13:26
Itarema,BR,-2.9248,-39.9167,83.86,70,34,14.79,scattered clouds,2023-06-10 17:13:27
Campo Grande,BR,-20.4428,-54.6464,87.35,29,0,8.05,clear sky,2023-06-10 17:13:03
Manica,FR,49.0,-1.1667,70.25,71,76,6.29,heavy intensity rain,2023-06-10 17:13:27
Santa Maria,BR,-29.6842,-53.8069,69.66,78,94,2.95,light rain,2023-06-10 17:08:30
Carutapera,BR,-1.195,-46.02,86.81,63,43,10.51,scattered clouds,2023-06-10 17:13:27
Vila Velha,BR,-20.3297,-40.2925,87.75,59,40,4.61,scattered clouds,2023-06-10 17:13:02
Biak,ID,-0.9131,122.8766,76.69,87,63,5.23,broken clouds,2023-06-10 17:13:27
Mawlaik,MM,23.6333,94.4167,84.65,64,100,1.32,overcast clouds,2023-06-10 17:13:27
Okha,RU,53.5739,142.9478,54.21,75,100,13.27,light rain,2023-06-10 17:13:28
Christchurch,NZ,-43.5333,172.6333,47.95,100,18,1.14,few clouds,2023-06-10 17:12:40
Eydhafushi,MV,5.1033,73.0708,82.85,83,91,12.15,overcast clouds,2023-06-10 17:13:28
Puri,IN,19.8,85.85,84.72,68,100,15.39,overcast clouds,2023-06-10 17:13:28
Ocampo,MX,21.65,-101.5,81.36,16,24,11.63,few clouds,2023-06-10 17:13:28
Meridian,US,43.6121,-116.3915,71.35,74,100,6.91,overcast clouds,2023-06-10 17:13:28
Palmeirais,BR,-5.9778,-43.0633,93.94,36,36,5.82,scattered clouds,2023-06-10 17:11:17
Kargasok,RU,59.0556,80.8572,52.99,50,0,6.71,clear sky,2023-06-10 17:13:28
Mende,FR,44.6667,3.5,60.19,90,51,4.81,broken clouds,2023-06-10 17:13:29
Lata,PT,40.1629,-8.3327,71.92,62,100,5.99,overcast clouds,2023-06-10 17:13:29
Filingue,NE,14.3521,3.3168,102.11,21,69,4.76,broken clouds,2023-06-10 17:13:29
Romny,UA,50.751,33.4747,62.35,89,100,8.77,moderate rain,2023-06-10 17:13:29
Oriximina,BR,-1.7656,-55.8661,90.91,50,14,5.59,light rain,2023-06-10 17:13:29
Molchanovo,RU,57.5817,83.7692,49.98,63,38,3.31,scattered clouds,2023-06-10 17:13:29
Skagen,DK,57.7209,10.5839,61.05,65,3,12.86,clear sky,2023-06-10 17:13:29
Camacha,PT,33.0833,-16.3333,69.22,78,40,9.22,scattered clouds,2023-06-10 17:13:29
Hanzhong,CN,33.0728,107.0303,72.68,64,100,2.64,overcast clouds,2023-06-10 17:13:29
Dale,US,38.1689,-86.99,84.72,32,0,9.22,haze,2023-06-10 17:13:29
Iqaluit,CA,63.7506,-68.5145,38.93,69,75,21.85,broken clouds,2023-06-10 17:13:30
Pascagoula,US,30.3658,-88.5561,92.12,61,0,5.75,clear sky,2023-06-10 17:13:30
Yarkovo,RU,57.4028,67.0786,55.65,64,18,7.05,few clouds,2023-06-10 17:13:30
Tolaga Bay,NZ,-38.3667,178.3,51.31,89,85,13.47,overcast clouds,2023-06-10 17:13:30
Okhotsk,RU,59.3833,143.3,43.27,90,97,8.25,overcast clouds,2023-06-10 17:13:30
Chumikan,RU,54.7183,135.315,48.27,99,100,3.78,overcast clouds,2023-06-10 17:13:30
Ancud,CL,-41.8697,-73.8203,47.62,68,57,7.72,broken clouds,2023-06-10 17:09:04
Mazagao,BR,-0.115,-51.2894,91.45,59,14,6.51,few clouds,2023-06-10 17:13:30
Mogocha,RU,53.7333,119.7667,51.1,88,6,1.63,clear sky,2023-06-10 17:13:15
Lagoa,PT,39.05,-27.9833,64.22,71,30,16.24,scattered clouds,2023-06-10 17:13:31
Adrar,MR,20.5022,-10.0711,105.1,9,0,13.47,clear sky,2023-06-10 17:13:31
Rincon,US,32.296,-81.2354,85.91,47,20,3.44,few clouds,2023-06-10 17:11:05
Motygino,RU,58.1831,94.7592,52.52,77,87,4.27,overcast clouds,2023-06-10 17:13:31
Pokhara,NP,28.2333,83.9833,83.07,42,97,4.61,overcast clouds,2023-06-10 17:13:31
Ubata,BR,-14.2139,-39.5228,81.52,58,71,5.37,broken clouds,2023-06-10 17:13:31
Hasaki,JP,35.7333,140.8333,69.22,95,100,6.35,overcast clouds,2023-06-10 17:13:31
Virovitica,HR,45.8319,17.3839,69.08,88,97,3.47,light rain,2023-06-10 17:13:31
Stornoway,GB,58.2093,-6.3865,70.09,63,0,3.44,clear sky,2023-06-10 17:13:31
Khodz,RU,44.5102,40.7142,64.27,92,100,3.06,overcast clouds,2023-06-10 17:13:31
General Roca,AR,-39.0333,-67.5833,51.62,30,34,17.34,scattered clouds,2023-06-10 17:13:32
Jaleswar,NP,26.6471,85.8008,90.1,52,85,19.77,overcast clouds,2023-06-10 17:13:32
Sarmanovo,RU,55.2553,52.5891,54.28,69,62,7.85,broken clouds,2023-06-10 17:13:32
Sisimiut,GL,66.9395,-53.6735,46.49,49,100,42.14,overcast clouds,2023-06-10 17:12:11
Aripuana,BR,-9.1667,-60.6333,93.76,37,63,3.62,broken clouds,2023-06-10 17:11:55
Saint-Pierre,RE,-21.3393,55.4781,74.88,69,0,5.75,clear sky,2023-06-10 17:13:32
Odweyne,SO,9.4092,45.064,82.35,45,64,17.56,broken clouds,2023-06-10 17:13:32
Dharchula,IN,29.85,80.5333,73.96,44,42,7.9,scattered clouds,2023-06-10 17:13:32
High Rock,BS,26.6208,-78.2833,87.82,66,0,6.42,clear sky,2023-06-10 17:13:32
Poum,NC,-20.2333,164.0167,72.32,75,55,17.13,broken clouds,2023-06-10 17:13:33
Aswan,EG,24.0934,32.907,97.65,16,0,12.77,clear sky,2023-06-10 17:13:33
Tommot,RU,58.9564,126.2925,53.76,90,80,2.8,broken clouds,2023-06-10 17:13:33
Ixtapa,MX,20.7,-105.2,90.23,55,0,5.75,clear sky,2023-06-10 17:13:33
Itaituba,BR,-4.2761,-55.9836,91.56,62,40,6.91,scattered clouds,2023-06-10 17:13:33
Wanning,CN,18.8003,110.3967,79.57,89,42,4.32,scattered clouds,2023-06-10 17:13:33
Roald,NO,62.5833,6.1333,72.52,42,0,3.44,clear sky,2023-06-10 17:13:33
Torbay,CA,47.6666,-52.7314,49.28,97,100,5.75,mist,2023-06-10 17:13:33
Fairview,US,40.8126,-73.999,76.78,44,75,13.8,broken clouds,2023-06-10 17:13:33
Huanren,CN,41.2647,125.3667,54.84,99,100,2.73,light rain,2023-06-10 17:13:34
Pangody,RU,65.85,74.4859,55.02,44,100,18.34,overcast clouds,2023-06-10 17:13:34
Guarda,PT,40.5373,-7.2658,66.49,63,100,5.68,overcast clouds,2023-06-10 17:11:48
Muravlenko,RU,63.7898,74.523,52.79,50,100,17.11,overcast clouds,2023-06-10 17:13:34
Esperance,AU,-33.8667,121.9,57.04,72,12,16.46,few clouds,2023-06-10 17:11:14
Quatre Cocos,MU,-20.2078,57.7625,75.31,70,14,14.07,few clouds,2023-06-10 17:13:34
Maksatikha,RU,57.797,35.8825,53.64,50,78,6.71,broken clouds,2023-06-10 17:13:34
Beringovskiy,RU,63.05,179.3167,37.51,89,100,7.92,light rain,2023-06-10 17:13:34
Tiarei,PF,-17.5333,-149.3333,73.42,66,60,15.12,broken clouds,2023-06-10 17:13:34
Moranbah,AU,-22.0016,148.0466,58.35,94,1,8.3,clear sky,2023-06-10 17:13:35
Nioaque,BR,-21.1353,-55.83,88.32,33,6,9.37,clear sky,2023-06-10 17:13:35
Port-Cartier,CA,50.0334,-66.8654,59.22,67,87,6.98,overcast clouds,2023-06-10 17:13:35
Guerrero Negro,MX,27.9769,-114.0611,66.45,61,82,13.82,broken clouds,2023-06-10 17:12:13
Solwezi,ZM,-12.1688,26.3894,65.26,43,12,2.08,few clouds,2023-06-10 17:13:35
Mopti,ML,14.6667,-4.0,100.44,30,20,11.5,few clouds,2023-06-10 17:13:35
Tingi,TZ,-11.3,35.0333,63.97,73,47,3.51,scattered clouds,2023-06-10 17:13:35
Singida,TZ,-4.8167,34.75,71.73,43,70,10.94,broken clouds,2023-06-10 17:13:35
Laguna,US,38.421,-121.4238,68.29,67,0,5.75,clear sky,2023-06-10 17:13:35
Romanovka,RU,51.7443,42.7527,62.01,88,80,10.38,broken clouds,2023-06-10 17:13:35
Statesboro,US,32.4488,-81.7832,83.73,30,0,0.0,clear sky,2023-06-10 17:13:36
Kishi,NG,9.0833,3.85,84.52,61,86,8.84,overcast clouds,2023-06-10 17:13:36
Baykit,RU,61.67,96.37,50.09,65,97,7.76,overcast clouds,2023-06-10 17:13:36
Sept-Iles,CA,50.2001,-66.3821,59.05,72,94,6.91,overcast clouds,2023-06-10 17:11:23
Kruisfontein,ZA,-34.0033,24.7314,55.89,81,4,4.59,clear sky,2023-06-10 17:13:36
Chupa,RU,66.27,33.0549,54.27,49,97,3.22,overcast clouds,2023-06-10 17:13:36
Bathsheba,BB,13.2167,-59.5167,88.41,70,40,16.11,scattered clouds,2023-06-10 17:13:36
Maxixe,MZ,-23.8597,35.3472,71.42,78,0,4.61,clear sky,2023-06-10 17:13:36
Rio Gallegos,AR,-51.6226,-69.2181,41.07,61,20,30.13,few clouds,2023-06-10 17:11:30
Souillac,MU,-20.5167,57.5167,75.58,73,20,9.22,few clouds,2023-06-10 17:13:37
Minab,IR,27.1467,57.0801,92.66,47,2,5.06,clear sky,2023-06-10 17:13:37
Ranau,MY,5.9538,116.6641,71.35,94,100,1.41,overcast clouds,2023-06-10 17:13:37
Nosy Varika,MG,-20.5833,48.5333,72.64,84,10,6.91,clear sky,2023-06-10 17:13:37
Obera,AR,-27.4871,-55.1199,76.15,53,69,4.63,broken clouds,2023-06-10 17:13:37
Folkestone,GB,51.0833,1.1833,76.71,74,17,14.23,few clouds,2023-06-10 17:13:37
Koungheul,SN,13.9833,-14.8,108.36,15,15,5.26,few clouds,2023-06-10 17:13:37
Nakusp,CA,50.2499,-117.8023,66.54,94,96,2.3,overcast clouds,2023-06-10 17:13:37
Verkhnyaya Toyma,RU,62.2349,44.9985,45.37,65,100,8.59,overcast clouds,2023-06-10 17:13:37
Usinsk,RU,65.9939,57.5281,35.92,96,95,17.09,light rain,2023-06-10 17:13:38
Kolosovka,RU,56.4678,73.611,53.04,83,20,7.29,few clouds,2023-06-10 17:13:38
Xai-Xai,MZ,-25.0519,33.6442,69.8,68,2,9.93,clear sky,2023-06-10 17:13:38
Punta Alta,AR,-38.8759,-62.0736,53.08,44,8,18.03,clear sky,2023-06-10 17:10:44
Los Llanos De Aridane,ES,28.6585,-17.9182,73.13,66,20,7.0,few clouds,2023-06-10 17:13:38
Ariquemes,BR,-9.9133,-63.0408,89.82,54,32,2.98,scattered clouds,2023-06-10 17:13:38
Tazovskiy,RU,67.4667,78.7,47.19,50,74,8.34,broken clouds,2023-06-10 17:13:38
Port Hawkesbury,CA,45.6169,-61.3485,61.92,88,100,11.01,overcast clouds,2023-06-10 17:13:38
Bundaberg,AU,-24.85,152.35,56.21,96,5,3.0,clear sky,2023-06-10 17:13:38
Katobu,ID,-4.9408,122.5276,75.85,92,97,6.2,overcast clouds,2023-06-10 17:13:38
Oceanside,US,33.1959,-117.3795,66.15,87,100,5.75,overcast clouds,2023-06-10 17:13:39
Marzuq,YE,14.4,46.4667,85.69,43,98,7.27,overcast clouds,2023-06-10 17:13:39
Zaysan,KZ,47.4667,84.8667,71.04,60,52,3.74,broken clouds,2023-06-10 17:13:39
Hailey,US,43.5196,-114.3153,66.88,57,100,4.0,overcast clouds,2023-06-10 17:13:39
Bandar-E Lengeh,IR,26.5579,54.8807,89.71,74,0,0.0,haze,2023-06-10 17:13:39
Buraydah,SA,26.326,43.975,99.05,8,59,9.84,broken clouds,2023-06-10 17:13:39
Padang,ID,-0.9492,100.3543,78.85,89,99,3.0,overcast clouds,2023-06-10 17:09:45
Eldorado,BR,-23.7869,-54.2836,82.26,43,0,10.67,clear sky,2023-06-10 17:12:33
Bullhead City,US,35.1478,-114.5683,92.93,20,75,10.36,broken clouds,2023-06-10 17:13:40
Celestun,MX,20.8667,-90.4,86.72,60,7,6.96,clear sky,2023-06-10 17:13:40
Morant Bay,JM,17.8815,-76.4093,90.72,77,96,12.59,overcast clouds,2023-06-10 17:13:40
Rosarito,MX,32.3333,-117.0333,64.26,73,96,7.25,overcast clouds,2023-06-10 17:10:12
Ossora,RU,59.2353,163.0719,47.26,81,25,3.87,scattered clouds,2023-06-10 17:13:40
Xuchang,CN,34.0167,113.8167,77.56,30,66,1.66,broken clouds,2023-06-10 17:13:40
Vestmanna,FO,62.1564,-7.1664,52.72,87,40,10.36,scattered clouds,2023-06-10 17:13:40
Khed Brahma,IN,24.0333,73.05,91.47,51,0,15.66,clear sky,2023-06-10 17:13:40
Rocky Mountain House,CA,52.3668,-114.9188,73.51,49,54,11.5,broken clouds,2023-06-10 17:13:40
Amurrio,ES,43.05,-3.0,77.47,61,93,7.29,overcast clouds,2023-06-10 17:11:41
Port Macquarie,AU,-31.4333,152.9167,45.9,86,0,4.5,clear sky,2023-06-10 17:13:41
Keti Bandar,PK,24.1447,67.4497,85.3,79,1,8.1,clear sky,2023-06-10 17:13:41
Shahr-E Kord,IR,32.3256,50.8644,71.37,23,20,4.61,few clouds,2023-06-10 17:13:41
Catia La Mar,VE,10.6038,-67.0303,93.99,58,50,6.91,scattered clouds,2023-06-10 17:13:41
Filadelfia,US,39.9523,-75.1638,81.48,44,20,13.8,few clouds,2023-06-10 17:11:02
Nishihara,JP,26.1842,127.7558,80.26,95,75,8.05,broken clouds,2023-06-10 17:13:41
Anloga,GH,5.7947,0.8973,76.96,91,100,14.54,moderate rain,2023-06-10 17:13:41
Wajima,JP,37.4,136.9,66.7,88,100,6.78,overcast clouds,2023-06-10 17:13:41
Dalvik,IS,65.9702,-18.5286,53.53,54,94,14.5,light rain,2023-06-10 17:13:41
Bristol,US,41.8334,-71.1662,70.25,71,40,4.0,scattered clouds,2023-06-10 17:11:53
Ucluelet,CA,48.9329,-125.5528,56.08,88,100,3.71,overcast clouds,2023-06-10 17:13:42
Muros,ES,42.7762,-9.0603,71.15,78,49,5.82,scattered clouds,2023-06-10 17:13:42
Eppingen,DE,49.1369,8.9103,84.79,61,40,10.67,scattered clouds,2023-06-10 17:13:42
Vrangel,RU,42.7297,133.0839,54.48,89,65,6.78,broken clouds,2023-06-10 17:13:42
Germenchik,RU,43.5939,43.7661,71.42,78,40,4.47,scattered clouds,2023-06-10 17:13:42
Werda,BW,-25.2667,23.2833,58.15,20,0,2.3,clear sky,2023-06-10 17:13:42
Wattegama,LK,6.7989,81.4808,78.22,81,100,5.73,overcast clouds,2023-06-10 17:13:42
Lumding,IN,25.7535,93.1732,76.21,99,98,2.73,light rain,2023-06-10 17:13:42
Pafos,CY,34.7667,32.4167,73.18,83,20,9.22,few clouds,2023-06-10 17:12:12
Haines Junction,CA,60.7522,-137.5108,55.35,38,73,3.44,broken clouds,2023-06-10 17:13:43
Portree,GB,57.4129,-6.1942,70.52,65,100,1.16,overcast clouds,2023-06-10 17:13:43
Bergerac,FR,44.8333,0.5,82.62,47,79,9.22,broken clouds,2023-06-10 17:13:43
Araouane,ML,18.9048,-3.5265,110.44,8,6,13.78,clear sky,2023-06-10 17:13:43
Praia Da Vitoria,PT,38.7333,-27.0667,70.05,64,20,17.34,few clouds,2023-06-10 17:13:43
Strezhevoy,RU,60.7333,77.5889,52.34,51,16,7.99,few clouds,2023-06-10 17:13:43
Kloulklubed,PW,7.0419,134.2556,83.32,76,99,6.93,overcast clouds,2023-06-10 17:13:43
Calatayud,ES,41.3535,-1.6432,79.81,36,81,4.97,broken clouds,2023-06-10 17:13:43
Valparaiso,CL,-33.0393,-71.6273,62.83,58,0,11.5,clear sky,2023-06-10 17:13:44
Russell,US,32.3502,-85.1999,86.41,39,40,4.61,scattered clouds,2023-06-10 17:13:44
Ustek,CZ,50.5847,14.3433,75.72,52,69,13.65,broken clouds,2023-06-10 17:13:44
Alpena,US,45.0617,-83.4327,73.72,40,40,5.75,scattered clouds,2023-06-10 17:13:44
Axim,GH,4.8699,-2.2405,78.48,83,95,13.42,light rain,2023-06-10 17:13:44
Gondanglegi,ID,-7.7479,112.0132,75.74,87,33,10.22,scattered clouds,2023-06-10 17:13:44
Galich,RU,58.3797,42.3475,47.01,60,59,7.58,broken clouds,2023-06-10 17:13:44
Uray,RU,60.1247,64.7758,52.97,90,91,4.7,light rain,2023-06-10 17:13:44
Zhangye,CN,38.9342,100.4517,76.8,22,100,5.46,overcast clouds,2023-06-10 17:13:44
Korla,CN,41.7597,86.1469,87.24,12,18,1.28,few clouds,2023-06-10 17:10:20
Mao,ES,39.8885,4.2658,75.76,73,20,4.61,few clouds,2023-06-10 17:13:45
Cap Malheureux,MU,-19.9842,57.6142,73.47,74,2,1.01,clear sky,2023-06-10 17:13:45
Banjar,ID,-8.19,114.9675,76.46,87,35,3.83,scattered clouds,2023-06-10 17:13:45
Ajaccio,FR,42.0,8.9167,69.85,78,20,11.5,few clouds,2023-06-10 17:13:45
Manuk Mangkaw,PH,4.8,119.85,83.21,77,100,9.06,overcast clouds,2023-06-10 17:13:45
Santa Rita,BR,-7.1139,-34.9781,84.87,61,20,12.66,few clouds,2023-06-10 17:13:45
Uusikaupunki,FI,60.8004,21.4084,54.88,45,29,6.04,scattered clouds,2023-06-10 17:13:45
New Cumnock,GB,55.3956,-4.1846,82.13,75,44,11.63,scattered clouds,2023-06-10 17:13:45
Cabadiangan,PH,9.7531,122.4739,79.03,89,100,5.12,overcast clouds,2023-06-10 17:13:45
Nuuk,GL,64.1835,-51.7216,43.41,65,75,38.01,broken clouds,2023-06-10 17:08:51
Terney,RU,45.0503,136.6092,51.96,96,89,3.94,overcast clouds,2023-06-10 17:13:46
Balabac,PH,7.9868,117.0645,82.26,82,91,7.83,overcast clouds,2023-06-10 17:13:46
Belaya Gora,RU,68.5333,146.4167,63.57,50,99,4.65,overcast clouds,2023-06-10 17:13:46
Ngunguru,NZ,-35.6167,174.5,49.75,85,13,6.38,few clouds,2023-06-10 17:13:46
San Angelo,US,31.4638,-100.437,94.05,45,0,18.41,clear sky,2023-06-10 17:09:59
Santa Rita Do Passa Quatro,BR,-21.7103,-47.4781,80.6,32,0,5.41,clear sky,2023-06-10 17:13:46
Banda Aceh,ID,5.5577,95.3222,82.69,74,99,11.9,overcast clouds,2023-06-10 17:13:46
Hamilton,US,39.1834,-84.5333,84.02,34,0,8.05,haze,2023-06-10 17:13:46
Yar-Sale,RU,66.8333,70.8333,54.52,51,100,17.0,overcast clouds,2023-06-10 17:13:46
Maldonado,UY,-34.6667,-54.9167,54.79,36,68,11.32,broken clouds,2023-06-10 17:13:47
Zapolyarnyy,RU,69.4154,30.8136,51.08,46,100,5.26,overcast clouds,2023-06-10 17:13:47
Clyde River,CA,70.4692,-68.5914,30.43,93,100,25.32,fog,2023-06-10 17:13:47
Masunga,BW,-20.6246,27.4488,66.36,22,5,7.49,clear sky,2023-06-10 17:11:18
Isabela,PH,6.7085,121.9711,79.18,80,100,4.27,overcast clouds,2023-06-10 17:13:47
Pratapgarh,IN,24.0333,74.7833,92.95,32,4,17.45,clear sky,2023-06-10 17:13:47
Iaciara,BR,-14.0958,-46.6317,91.11,28,33,4.34,scattered clouds,2023-06-10 17:13:47
Urumqi,CN,43.801,87.6005,85.15,15,0,4.47,clear sky,2023-06-10 17:13:47
Bahia Blanca,AR,-38.7196,-62.2724,52.83,37,11,11.99,few clouds,2023-06-10 17:13:47
Alta Floresta,BR,-9.8756,-56.0861,92.26,39,8,2.93,clear sky,2023-06-10 17:10:17
Praya,CV,14.9215,-23.5087,84.74,51,20,20.71,few clouds,2023-06-10 17:13:48
Ahuimanu,US,21.4447,-157.8378,78.51,80,20,9.22,few clouds,2023-06-10 17:13:48
Amalapuram,IN,16.5833,82.0167,88.43,44,100,8.66,overcast clouds,2023-06-10 17:13:48
Glendive,US,47.1053,-104.7125,66.69,59,0,14.97,clear sky,2023-06-10 17:13:48
Ilhabela,BR,-23.7781,-45.3581,82.49,45,0,1.63,clear sky,2023-06-10 17:13:48
Bafra,TR,41.5678,35.9069,64.13,88,54,1.54,broken clouds,2023-06-10 17:13:48
Worland,US,44.0169,-107.9554,70.68,63,100,3.44,overcast clouds,2023-06-10 17:13:48
Bonfim,BR,3.0833,-59.95,90.5,54,25,6.89,scattered clouds,2023-06-10 17:13:49
Zimmi,SL,7.3153,-11.3061,81.25,84,94,5.53,light rain,2023-06-10 17:13:49
Merauke,ID,-8.4667,140.3333,74.86,90,11,11.65,few clouds,2023-06-10 17:13:49
Nguruka,TZ,-5.1092,31.0419,72.72,57,73,4.38,broken clouds,2023-06-10 17:13:49
Mpongwe,ZM,-13.5091,28.155,73.29,31,53,3.13,broken clouds,2023-06-10 17:10:35
La Asuncion,VE,11.0333,-63.8628,87.53,66,5,17.27,clear sky,2023-06-10 17:13:49
Nicoya,CR,10.1483,-85.452,85.3,70,63,3.76,moderate rain,2023-06-10 17:13:49
Vao,NC,-22.6667,167.4833,69.13,60,6,11.54,clear sky,2023-06-10 17:09:43
Lebork,PL,54.5392,17.7501,66.42,45,3,13.67,clear sky,2023-06-10 17:13:49
Kindu,CD,-2.95,25.95,76.12,75,94,2.24,overcast clouds,2023-06-10 17:13:49
Deputatskiy,RU,69.3,139.9,53.04,57,100,5.84,overcast clouds,2023-06-10 17:13:50
Altamont,US,42.2068,-121.7372,65.39,63,20,3.44,few clouds,2023-06-10 17:13:50
Batemans Bay,AU,-35.7167,150.1833,50.09,76,6,3.94,clear sky,2023-06-10 17:13:50
Vanavara,RU,60.34,102.2797,51.94,85,91,2.71,overcast clouds,2023-06-10 17:13:50
Martapura,ID,-3.4167,114.85,78.89,100,90,2.3,overcast clouds,2023-06-10 17:13:50
Suntar,RU,62.1444,117.6319,66.99,50,8,7.49,clear sky,2023-06-10 17:13:50
Denpasar,ID,-8.65,115.2167,80.26,88,40,5.75,scattered clouds,2023-06-10 17:12:54
Khonsa,IN,27.0167,95.5667,70.3,94,99,3.6,overcast clouds,2023-06-10 17:13:50
Ouro Preto Do Oeste,BR,-10.7481,-62.2158,83.41,77,26,2.17,scattered clouds,2023-06-10 17:13:50
Baillif,GP,16.0202,-61.7463,89.1,72,12,18.63,few clouds,2023-06-10 17:13:51
Iglesias,IT,39.3114,8.535,78.78,71,78,7.43,broken clouds,2023-06-10 17:13:51
Makakilo City,US,21.3469,-158.0858,77.32,79,40,9.22,scattered clouds,2023-06-10 17:13:51
Bardiyah,LY,31.7561,25.0865,73.2,65,0,14.9,clear sky,2023-06-10 17:13:51
Elesbao Veloso,BR,-6.2019,-42.1403,88.43,45,48,5.23,scattered clouds,2023-06-10 17:13:51
Lasa,IT,46.6166,10.7002,76.08,69,47,2.75,light rain,2023-06-10 17:13:51
Sinnai,IT,39.3042,9.2036,79.48,75,20,10.36,few clouds,2023-06-10 17:13:51
Capoterra,IT,39.1763,8.9718,80.55,72,20,10.36,few clouds,2023-06-10 17:13:51
Pochutla,MX,15.7432,-96.4661,93.81,49,100,7.38,overcast clouds,2023-06-10 17:13:51
Sheopur,IN,25.6667,76.7,99.79,21,2,11.99,clear sky,2023-06-10 17:13:52
Ambulu,ID,-8.345,113.6058,74.59,92,59,3.18,broken clouds,2023-06-10 17:13:52
Lagos,NG,6.5833,3.75,80.92,88,100,7.92,light rain,2023-06-10 17:13:52
Bonthe,SL,7.5264,-12.505,83.91,73,97,10.92,light rain,2023-06-10 17:13:52
Ihosy,MG,-22.4,46.1167,64.2,33,1,4.34,clear sky,2023-06-10 17:13:52
Tshikapa,CD,-6.4167,20.8,78.53,65,87,3.31,overcast clouds,2023-06-10 17:13:52
Beloha,MG,-25.1667,45.05,66.67,91,0,2.01,clear sky,2023-06-10 17:13:52
Tura,IN,25.5198,90.2201,75.61,94,100,4.27,light rain,2023-06-10 17:13:52
Palmer,US,42.1584,-72.3287,72.57,51,75,6.91,broken clouds,2023-06-10 17:12:58
Oktyabrskoye,RU,43.0645,44.7417,66.34,77,75,0.0,light intensity shower rain,2023-06-10 17:13:53
Barmer,IN,25.75,71.3833,95.67,28,0,13.6,clear sky,2023-06-10 17:13:53
Hovd,MN,48.0056,91.6419,73.04,29,23,2.19,few clouds,2023-06-10 17:13:53
Wucheng,CN,29.6008,118.175,73.71,90,77,1.81,broken clouds,2023-06-10 17:13:53
Sabrum,IN,23.0,91.7319,77.68,94,100,7.72,overcast clouds,2023-06-10 17:13:53
Sorland,NO,67.667,12.6934,51.66,72,69,9.89,broken clouds,2023-06-10 17:13:53
Visnes,NO,59.3556,5.2242,60.85,63,0,14.97,clear sky,2023-06-10 17:13:53
Xining,CN,36.6167,101.7667,59.43,48,97,2.93,overcast clouds,2023-06-10 17:13:53
Belluru,IN,12.9911,76.7444,75.54,72,100,12.44,overcast clouds,2023-06-10 17:13:54
Sosnovo-Ozerskoye,RU,52.5249,111.5418,57.87,51,41,3.22,scattered clouds,2023-06-10 17:13:54
Dhuburi,IN,26.0333,89.9667,78.67,88,87,5.75,overcast clouds,2023-06-10 17:13:54
Grand Forks,US,47.9417,-97.4337,69.53,59,75,19.57,broken clouds,2023-06-10 17:13:54
Howard Springs,AU,-12.497,131.047,75.11,75,49,5.95,scattered clouds,2023-06-10 17:13:54
Dagda,LV,56.0951,27.5372,59.11,41,8,8.99,clear sky,2023-06-10 17:13:54
Sao Felix Do Xingu,BR,-6.6447,-51.995,92.12,41,43,6.35,scattered clouds,2023-06-10 17:13:54
Santa Rosa,PH,14.3122,121.1114,79.11,98,100,7.27,moderate rain,2023-06-10 17:11:13
Mmathubudukwane,BW,-24.6,26.4333,61.05,17,0,3.51,clear sky,2023-06-10 17:11:18
Dudinka,RU,69.4058,86.1778,38.62,52,3,5.44,clear sky,2023-06-10 17:13:55
Guatire,VE,10.4762,-66.5427,90.7,47,44,4.81,scattered clouds,2023-06-10 17:13:55
Ayagoz,KZ,47.9714,80.4392,60.75,72,56,17.67,broken clouds,2023-06-10 17:13:55
Cidreira,BR,-30.1811,-50.2056,74.39,57,62,7.07,broken clouds,2023-06-10 17:13:55
Beyneu,KZ,45.3167,55.2,84.85,15,59,14.18,broken clouds,2023-06-10 17:13:55
Kuandian,CN,40.7286,124.7847,54.37,97,100,3.44,moderate rain,2023-06-10 17:13:55
Onalaska,US,43.8844,-91.2351,78.85,48,20,4.61,few clouds,2023-06-10 17:13:55
Teguldet,RU,57.3064,88.1667,51.6,60,68,6.42,broken clouds,2023-06-10 17:13:55
Shablykino,RU,52.8566,35.1964,59.83,66,100,15.93,overcast clouds,2023-06-10 17:13:55
Lavrentiya,RU,65.5833,-171.0,36.95,96,100,0.13,overcast clouds,2023-06-10 17:13:55
Dovolnoye,RU,54.4958,79.6671,57.67,61,44,3.83,scattered clouds,2023-06-10 17:13:56
Henties Bay,NA,-22.116,14.2845,58.57,83,0,7.78,clear sky,2023-06-10 17:13:56
Albacete,ES,38.8333,-2.0,79.18,41,0,6.91,clear sky,2023-06-10 17:13:56
Cliffside Park,US,40.8215,-73.9876,76.71,44,75,13.8,broken clouds,2023-06-10 17:13:56
Manggar,ID,-2.8833,108.2667,82.02,74,2,11.32,clear sky,2023-06-10 17:13:56
Maracas,BR,-13.4411,-40.4308,80.55,34,31,8.7,scattered clouds,2023-06-10 17:13:56
Lixourion,GR,38.2019,20.4314,75.2,69,20,10.36,few clouds,2023-06-10 17:13:56
Sechura,PE,-5.5569,-80.8222,81.5,60,13,9.89,few clouds,2023-06-10 17:09:39
Leh,IN,34.1667,77.5833,53.1,41,54,6.42,broken clouds,2023-06-10 17:13:56
Santiago,CL,-33.4569,-70.6483,58.17,83,100,4.61,mist,2023-06-10 17:12:03
Yelan,RU,50.949,43.7378,65.26,73,87,8.41,overcast clouds,2023-06-10 17:13:57
La Libertad,EC,-2.2333,-80.9,83.86,74,40,10.36,scattered clouds,2023-06-10 17:13:57
Natchitoches,US,31.7668,-93.1335,92.25,55,0,5.75,clear sky,2023-06-10 17:13:57
Nikolayevka,RU,53.1257,47.2041,55.8,84,100,12.71,overcast clouds,2023-06-10 17:13:57
Gizo,SB,-8.103,156.8419,81.14,78,77,4.14,light rain,2023-06-10 17:13:57
Polunochnoye,RU,60.8697,60.4153,44.2,70,17,9.15,few clouds,2023-06-10 17:13:57
La Ronge,CA,55.1001,-105.2842,71.85,40,20,10.36,smoke,2023-06-10 17:13:57
Aykhal,RU,66.0,111.5,52.81,99,100,6.02,overcast clouds,2023-06-10 17:13:57
Smithers,CA,54.7804,-127.1743,62.92,51,75,8.05,broken clouds,2023-06-10 17:13:58
Byron Bay,AU,-28.65,153.6167,50.7,82,58,2.48,broken clouds,2023-06-10 17:11:25
Amapa,BR,1.0,-52.0,82.49,75,49,4.94,scattered clouds,2023-06-10 17:13:58
Kautokeino,NO,69.0125,23.0412,61.61,29,83,3.89,broken clouds,2023-06-10 17:13:58
Leshukonskoye,RU,64.8989,45.7622,40.62,78,92,10.16,overcast clouds,2023-06-10 17:13:58
Lazaro Cardenas,MX,17.9583,-102.2,88.59,50,99,6.93,overcast clouds,2023-06-10 17:13:58
Dicabisagan,PH,17.0818,122.4157,78.96,86,100,4.74,moderate rain,2023-06-10 17:13:58
Inhambane,MZ,-23.865,35.3833,71.58,78,0,4.61,clear sky,2023-06-10 17:13:58
Banamba,ML,13.55,-7.45,107.62,12,38,9.6,scattered clouds,2023-06-10 17:13:58
Xiaoshan,CN,30.1675,120.2588,80.46,83,0,0.0,clear sky,2023-06-10 17:13:59
Gazanjyk,TM,39.2446,55.5154,85.57,21,3,7.45,clear sky,2023-06-10 17:13:59
Svetlaya,RU,46.5389,138.3297,49.53,98,100,1.92,overcast clouds,2023-06-10 17:13:59
Potoci,BA,43.4086,17.8786,74.71,57,20,5.75,light rain,2023-06-10 17:13:59
Ambon,ID,-3.6954,128.1814,82.87,79,40,4.61,scattered clouds,2023-06-10 17:13:59
Orizona,BR,-17.0314,-48.2958,85.23,31,0,3.0,clear sky,2023-06-10 17:13:59
Yulara,AU,-25.2406,130.9889,58.53,68,98,3.0,overcast clouds,2023-06-10 17:13:59
Lima,PE,-12.0432,-77.0282,73.65,60,20,13.8,few clouds,2023-06-10 17:09:08
Snezhnogorsk,RU,69.1933,33.2531,49.78,57,100,6.98,overcast clouds,2023-06-10 17:13:59
Urucara,BR,-2.5364,-57.76,91.8,47,32,5.73,scattered clouds,2023-06-10 17:14:00
Kondoa,TZ,-4.9,35.7833,68.32,52,82,3.62,broken clouds,2023-06-10 17:14:00
Banyo,CM,6.75,11.8167,71.08,90,70,2.3,light rain,2023-06-10 17:14:00
Fuerte Olimpo,PY,-21.0415,-57.8738,92.17,33,5,13.24,clear sky,2023-06-10 17:14:00
Cururupu,BR,-1.8283,-44.8683,87.4,55,16,8.61,few clouds,2023-06-10 17:14:00
Mareeba,AU,-17.0,145.4333,66.92,98,47,2.37,scattered clouds,2023-06-10 17:14:00
Belaya Kholunitsa,RU,58.84,50.8528,44.02,62,65,8.95,broken clouds,2023-06-10 17:14:00
Yagodnoye,RU,62.55,149.6667,54.25,62,95,4.03,overcast clouds,2023-06-10 17:14:00
Gunnedah,AU,-30.9833,150.25,45.18,80,0,3.51,light rain,2023-06-10 17:14:00
Arti,RU,56.4234,58.5328,54.68,94,42,4.47,scattered clouds,2023-06-10 17:14:01
Murgab,TM,37.4966,61.9714,82.27,20,40,9.22,scattered clouds,2023-06-10 17:14:01
Tuy Hoa,VN,13.0833,109.3,82.96,70,100,11.01,overcast clouds,2023-06-10 17:14:01
Shipunovo,RU,52.1582,82.2173,50.92,86,20,6.13,few clouds,2023-06-10 17:14:01
Dumas,US,35.8656,-101.9732,80.62,46,0,8.05,clear sky,2023-06-10 17:14:01
Dukat,RU,62.55,155.55,48.69,52,20,4.41,few clouds,2023-06-10 17:14:01
Guaruja,BR,-23.9931,-46.2564,89.46,31,0,3.0,clear sky,2023-06-10 17:14:01
Pangnirtung,CA,66.1451,-65.7125,37.4,87,75,12.66,light intensity drizzle,2023-06-10 17:14:01
Forbes,AU,-33.3833,148.0167,38.91,84,0,4.97,clear sky,2023-06-10 17:14:03
Laranjeiras Do Sul,BR,-25.4078,-52.4161,73.76,51,0,8.57,clear sky,2023-06-10 17:14:03
Carmen,MX,18.6333,-91.8333,89.64,66,75,3.44,broken clouds,2023-06-10 17:11:25
Bubaque,GW,11.2833,-15.8333,81.9,76,81,12.06,broken clouds,2023-06-10 17:14:03
Ternova,UA,50.1849,36.6757,60.76,94,99,16.73,overcast clouds,2023-06-10 17:14:03
Dingli,MT,35.8614,14.3822,70.81,83,20,4.61,light rain,2023-06-10 17:14:03
Barentu,ER,15.1139,37.5928,80.37,48,64,12.21,light rain,2023-06-10 17:14:04
Kandrian,PG,-6.2167,149.55,76.32,91,82,4.81,moderate rain,2023-06-10 17:14:04
Corn Island,NI,12.1694,-83.0418,84.06,72,96,3.53,overcast clouds,2023-06-10 17:14:04
Rovaniemi,FI,66.5,25.7167,58.41,41,0,16.11,clear sky,2023-06-10 17:11:53
Mwinilunga,ZM,-11.7358,24.4293,67.33,41,79,5.59,broken clouds,2023-06-10 17:14:04
Kirovskiy,RU,45.0917,133.5136,54.68,96,31,2.66,scattered clouds,2023-06-10 17:14:04
Tarko-Sale,RU,64.9225,77.785,51.85,43,100,10.2,overcast clouds,2023-06-10 17:09:11
Holme,DK,56.1138,10.1725,69.37,56,7,12.84,clear sky,2023-06-10 17:14:05
Seydi,TM,39.4816,62.9137,84.94,10,10,12.68,clear sky,2023-06-10 17:14:05
Da Lat,VN,11.9465,108.4419,61.88,98,100,2.8,overcast clouds,2023-06-10 17:14:05
Male,MV,4.1748,73.5089,84.15,89,75,4.61,broken clouds,2023-06-10 17:14:05
Zabid,YE,14.1951,43.3152,98.28,33,96,9.19,overcast clouds,2023-06-10 17:14:05
Tanout,NE,14.9709,8.8879,97.99,25,85,6.04,overcast clouds,2023-06-10 17:14:05
Dmitrovsk-Orlovskiy,RU,52.505,35.1464,60.13,72,100,15.23,overcast clouds,2023-06-10 17:14:05
Sur,OM,22.5667,59.5289,92.08,41,98,4.5,overcast clouds,2023-06-10 17:14:05
Amahai,ID,-3.3333,128.9167,82.0,90,95,6.62,overcast clouds,2023-06-10 17:14:06
Kaputa,ZM,-8.4689,29.6619,75.25,48,16,5.26,few clouds,2023-06-10 17:14:06
Lushoto,TZ,-4.7833,38.2833,56.75,78,57,3.44,broken clouds,2023-06-10 17:14:06
Kysyl-Syr,RU,63.8986,122.7617,69.58,46,84,9.6,broken clouds,2023-06-10 17:14:06
Ayan,RU,56.45,138.1667,49.66,81,59,9.84,broken clouds,2023-06-10 17:14:06
Dunedin,NZ,-45.8742,170.5036,45.81,53,38,1.99,scattered clouds,2023-06-10 17:09:37
Mogok,MM,22.9167,96.5,66.29,97,88,3.47,overcast clouds,2023-06-10 17:14:06
Weihai,CN,37.5017,122.1136,62.94,92,4,3.24,clear sky,2023-06-10 17:14:06
Hrubieszow,PL,50.805,23.8925,60.84,92,100,8.5,overcast clouds,2023-06-10 17:14:07
Ampanihy,MG,-24.7,44.75,67.05,84,0,2.21,clear sky,2023-06-10 17:14:07
Umm Kaddadah,SD,13.6017,26.6876,82.54,52,100,11.21,overcast clouds,2023-06-10 17:14:07
Ojinaga,MX,29.5667,-104.4167,95.58,31,0,0.0,clear sky,2023-06-10 17:14:07
High Level,CA,58.5169,-117.136,66.31,68,100,6.91,overcast clouds,2023-06-10 17:14:07
Ippy,CF,6.2679,21.2247,75.11,80,96,2.53,overcast clouds,2023-06-10 17:14:07
Muisne,EC,0.6,-80.0333,82.63,73,95,5.82,overcast clouds,2023-06-10 17:14:07
Bouna,CI,9.2667,-3.0,87.51,50,96,3.58,overcast clouds,2023-06-10 17:14:07
Muroto,JP,33.2833,134.15,68.07,97,100,12.35,light rain,2023-06-10 17:14:07
Poso,ID,-1.3959,120.7524,76.37,91,65,4.76,broken clouds,2023-06-10 17:14:08
Hambantota,LK,6.1241,81.1185,80.92,83,98,18.45,overcast clouds,2023-06-10 17:14:08
Chemal,RU,51.4111,86.005,57.79,99,100,5.46,overcast clouds,2023-06-10 17:14:08
Agbor,NG,6.2518,6.1934,77.85,92,46,5.91,moderate rain,2023-06-10 17:14:08
Hit,IQ,33.6416,42.8251,85.71,35,89,6.78,overcast clouds,2023-06-10 17:14:08
Charters Towers,AU,-20.1,146.2667,58.95,90,2,6.38,clear sky,2023-06-10 17:14:08
Nouakchott,MR,18.0858,-15.9785,91.33,52,8,23.78,clear sky,2023-06-10 17:14:08
Karambakkudi,IN,10.4667,79.1333,87.31,66,99,6.15,overcast clouds,2023-06-10 17:14:08
Taloqan,AF,36.7361,69.5345,80.67,27,20,4.07,few clouds,2023-06-10 17:14:09
Karratha,AU,-20.7377,116.8463,69.78,53,1,7.38,clear sky,2023-06-10 17:14:09
Belmonte,BR,-15.8631,-38.8828,79.36,70,28,6.55,scattered clouds,2023-06-10 17:14:09
Prince Rupert,CA,54.3161,-130.3201,51.89,92,100,19.57,overcast clouds,2023-06-10 17:14:09
Dongsheng,CN,39.8161,109.9776,63.73,25,41,14.99,scattered clouds,2023-06-10 17:09:47
Tarnova,RO,46.3167,21.8,69.75,80,15,1.63,light rain,2023-06-10 17:14:09
El Retorno,CO,2.3302,-72.6276,86.88,58,40,3.74,scattered clouds,2023-06-10 17:14:09
Nkan,GA,0.3833,9.7833,79.65,78,86,6.62,overcast clouds,2023-06-10 17:14:09
